lot_id,expected_status,defect
LOT-2026-0001,VALID,none
LOT-2026-0002,INVALID_DOCUMENT,unsigned_dds
LOT-2026-0003,VALID,none
LOT-2026-0004,VALID,none
LOT-2026-0005,VALID,none
LOT-2026-0006,INVALID_DOCUMENT,expired_legality
LOT-2026-0007,VALID,valid_resubmitted
LOT-2026-0008,VALID,none
LOT-2026-0009,VALID,none
LOT-2026-0010,INCOMPLETE,missing_doc
LOT-2026-0011,VALID,none
LOT-2026-0012,INCONSISTENT,non_negligible_no_mitigation
LOT-2026-0013,VALID,none
LOT-2026-0014,VALID,valid_boundary
LOT-2026-0015,VALID,valid_resubmitted
LOT-2026-0016,INCONSISTENT,country_mismatch
LOT-2026-0017,INCONSISTENT,date_order
LOT-2026-0018,VALID,none
LOT-2026-0019,VALID,none
LOT-2026-0020,VALID,valid_non_negligible_with_mitigation
LOT-2026-0021,INVALID_DOCUMENT,unsigned_dds
LOT-2026-0022,VALID,none
LOT-2026-0023,INCOMPLETE,missing_doc
LOT-2026-0024,INVALID_DOCUMENT,expired_legality
LOT-2026-0025,VALID,none
LOT-2026-0026,VALID,none
LOT-2026-0027,INVALID_DOCUMENT,expired_legality
LOT-2026-0028,VALID,valid_resubmitted
LOT-2026-0029,VALID,none
LOT-2026-0030,VALID,none
LOT-2026-0031,INCONSISTENT,mass_balance
LOT-2026-0032,VALID,none
LOT-2026-0033,VALID,valid_resubmitted
LOT-2026-0034,VALID,none
LOT-2026-0035,INCOMPLETE,missing_doc
LOT-2026-0036,VALID,valid_non_negligible_with_mitigation
LOT-2026-0037,INVALID_DOCUMENT,expired_legality
LOT-2026-0038,VALID,none
LOT-2026-0039,VALID,none
LOT-2026-0040,VALID,none
LOT-2026-0041,INVALID_DOCUMENT,expired_legality
LOT-2026-0042,INVALID_DOCUMENT,unsigned_dds
LOT-2026-0043,INCONSISTENT,quantity_mismatch
LOT-2026-0044,VALID,none
LOT-2026-0045,INVALID_DOCUMENT,cutoff_violation
LOT-2026-0046,VALID,none
LOT-2026-0047,INVALID_DOCUMENT,wrong_hs_code
LOT-2026-0048,VALID,none
LOT-2026-0049,VALID,valid_resubmitted
LOT-2026-0050,VALID,none
LOT-2026-0051,VALID,none
LOT-2026-0052,INCONSISTENT,quantity_mismatch
LOT-2026-0053,VALID,none
LOT-2026-0054,INCOMPLETE,missing_doc
LOT-2026-0055,VALID,none
LOT-2026-0056,VALID,none
LOT-2026-0057,VALID,none
LOT-2026-0058,VALID,none
LOT-2026-0059,INCONSISTENT,mass_balance
LOT-2026-0060,VALID,valid_resubmitted
LOT-2026-0061,INCOMPLETE,missing_doc
LOT-2026-0062,INVALID_DOCUMENT,unsigned_dds
LOT-2026-0063,VALID,none
LOT-2026-0064,INVALID_DOCUMENT,low_quality
LOT-2026-0065,INCOMPLETE,missing_doc
LOT-2026-0066,VALID,valid_boundary
LOT-2026-0067,INCOMPLETE,missing_doc
LOT-2026-0068,VALID,none
LOT-2026-0069,VALID,none
LOT-2026-0070,VALID,valid_resubmitted
LOT-2026-0071,VALID,none
LOT-2026-0072,VALID,none
LOT-2026-0073,INCONSISTENT,quantity_mismatch
LOT-2026-0074,INCONSISTENT,quantity_mismatch
LOT-2026-0075,INCOMPLETE,missing_doc
LOT-2026-0076,VALID,none
LOT-2026-0077,VALID,none
LOT-2026-0078,VALID,none
LOT-2026-0079,INCONSISTENT,quantity_mismatch
LOT-2026-0080,VALID,none
LOT-2026-0081,INVALID_DOCUMENT,cutoff_violation
LOT-2026-0082,VALID,none
LOT-2026-0083,VALID,none
LOT-2026-0084,VALID,valid_boundary
LOT-2026-0085,VALID,none
LOT-2026-0086,VALID,valid_resubmitted
LOT-2026-0087,VALID,none
LOT-2026-0088,INCONSISTENT,date_order
LOT-2026-0089,INCONSISTENT,country_mismatch
LOT-2026-0090,VALID,none
LOT-2026-0091,VALID,valid_non_negligible_with_mitigation
LOT-2026-0092,INVALID_DOCUMENT,cutoff_violation
LOT-2026-0093,VALID,valid_resubmitted
LOT-2026-0094,VALID,none
LOT-2026-0095,VALID,none
LOT-2026-0096,VALID,none
LOT-2026-0097,VALID,none
LOT-2026-0098,INVALID_DOCUMENT,unsigned_dds
LOT-2026-0099,VALID,none
LOT-2026-0100,VALID,none
LOT-2026-0101,VALID,none
LOT-2026-0102,VALID,valid_boundary
LOT-2026-0103,VALID,valid_resubmitted
LOT-2026-0104,VALID,valid_resubmitted
LOT-2026-0105,VALID,none
LOT-2026-0106,VALID,none
LOT-2026-0107,VALID,none
LOT-2026-0108,VALID,none
LOT-2026-0109,VALID,none
LOT-2026-0110,VALID,none
LOT-2026-0111,VALID,none
LOT-2026-0112,VALID,none
LOT-2026-0113,INCOMPLETE,missing_doc
LOT-2026-0114,VALID,valid_resubmitted
LOT-2026-0115,VALID,none
LOT-2026-0116,INCONSISTENT,operator_mismatch
LOT-2026-0117,VALID,valid_resubmitted
LOT-2026-0118,VALID,none
LOT-2026-0119,VALID,valid_boundary
LOT-2026-0120,INVALID_DOCUMENT,wrong_hs_code
LOT-2026-0121,VALID,none
LOT-2026-0122,VALID,none
LOT-2026-0123,VALID,none
LOT-2026-0124,VALID,none
LOT-2026-0125,INCONSISTENT,operator_mismatch
LOT-2026-0126,VALID,none
LOT-2026-0127,VALID,none
LOT-2026-0128,VALID,none
LOT-2026-0129,VALID,none
LOT-2026-0130,VALID,valid_non_negligible_with_mitigation
LOT-2026-0131,INCOMPLETE,missing_doc
LOT-2026-0132,VALID,none
LOT-2026-0133,INCONSISTENT,non_negligible_no_mitigation
LOT-2026-0134,VALID,none
LOT-2026-0135,INVALID_DOCUMENT,low_quality
LOT-2026-0136,INVALID_DOCUMENT,expired_legality
LOT-2026-0137,INVALID_DOCUMENT,unsigned_dds
LOT-2026-0138,VALID,none
LOT-2026-0139,VALID,valid_non_negligible_with_mitigation
LOT-2026-0140,VALID,none
LOT-2026-0141,INVALID_DOCUMENT,low_quality
LOT-2026-0142,VALID,none
LOT-2026-0143,VALID,none
LOT-2026-0144,VALID,none
LOT-2026-0145,VALID,none
LOT-2026-0146,VALID,none
LOT-2026-0147,INVALID_DOCUMENT,expired_legality
LOT-2026-0148,VALID,none
LOT-2026-0149,INVALID_DOCUMENT,unsigned_dds
LOT-2026-0150,VALID,valid_non_negligible_with_mitigation
LOT-2026-0151,INCONSISTENT,mass_balance
LOT-2026-0152,VALID,none
LOT-2026-0153,INCOMPLETE,missing_doc
LOT-2026-0154,VALID,none
LOT-2026-0155,VALID,valid_resubmitted
LOT-2026-0156,VALID,valid_resubmitted
LOT-2026-0157,VALID,none
LOT-2026-0158,VALID,none
LOT-2026-0159,VALID,none
LOT-2026-0160,VALID,none
LOT-2026-0161,INVALID_DOCUMENT,wrong_hs_code
LOT-2026-0162,INCONSISTENT,mass_balance
LOT-2026-0163,VALID,valid_non_negligible_with_mitigation
LOT-2026-0164,INCONSISTENT,quantity_mismatch
LOT-2026-0165,VALID,none
LOT-2026-0166,VALID,valid_resubmitted
LOT-2026-0167,VALID,none
LOT-2026-0168,VALID,none
LOT-2026-0169,INVALID_DOCUMENT,low_quality
LOT-2026-0170,VALID,none
LOT-2026-0171,VALID,none
LOT-2026-0172,VALID,none
LOT-2026-0173,INCONSISTENT,country_mismatch
LOT-2026-0174,VALID,none
LOT-2026-0175,VALID,none
LOT-2026-0176,VALID,none
LOT-2026-0177,VALID,valid_resubmitted
LOT-2026-0178,VALID,valid_resubmitted
LOT-2026-0179,VALID,none
LOT-2026-0180,VALID,valid_resubmitted
LOT-2026-0181,VALID,valid_non_negligible_with_mitigation
LOT-2026-0182,VALID,none
LOT-2026-0183,VALID,none
LOT-2026-0184,VALID,valid_resubmitted
LOT-2026-0185,VALID,none
LOT-2026-0186,VALID,none
LOT-2026-0187,INVALID_DOCUMENT,wrong_hs_code
LOT-2026-0188,VALID,none
LOT-2026-0189,VALID,none
LOT-2026-0190,VALID,none
LOT-2026-0191,VALID,none
LOT-2026-0192,VALID,valid_non_negligible_with_mitigation
LOT-2026-0193,INCONSISTENT,mass_balance
LOT-2026-0194,VALID,none
LOT-2026-0195,VALID,valid_non_negligible_with_mitigation
LOT-2026-0196,VALID,valid_resubmitted
LOT-2026-0197,VALID,valid_resubmitted
LOT-2026-0198,INVALID_DOCUMENT,cutoff_violation
LOT-2026-0199,VALID,none
LOT-2026-0200,VALID,none
LOT-2026-0201,INCONSISTENT,date_order
LOT-2026-0202,INCONSISTENT,operator_mismatch
LOT-2026-0203,VALID,none
LOT-2026-0204,VALID,none
LOT-2026-0205,VALID,none
LOT-2026-0206,INVALID_DOCUMENT,expired_legality
LOT-2026-0207,VALID,none
LOT-2026-0208,VALID,valid_resubmitted
LOT-2026-0209,VALID,valid_resubmitted
LOT-2026-0210,VALID,none
LOT-2026-0211,VALID,valid_non_negligible_with_mitigation
LOT-2026-0212,VALID,none
LOT-2026-0213,INCONSISTENT,quantity_mismatch
LOT-2026-0214,INVALID_DOCUMENT,wrong_hs_code
LOT-2026-0215,VALID,valid_non_negligible_with_mitigation
LOT-2026-0216,VALID,none
LOT-2026-0217,INVALID_DOCUMENT,unsigned_dds
LOT-2026-0218,VALID,none
LOT-2026-0219,INCOMPLETE,missing_doc
LOT-2026-0220,VALID,none
LOT-2026-0221,VALID,valid_resubmitted
LOT-2026-0222,VALID,none
LOT-2026-0223,VALID,none
LOT-2026-0224,INCOMPLETE,missing_doc
LOT-2026-0225,VALID,none
LOT-2026-0226,VALID,none
LOT-2026-0227,VALID,valid_non_negligible_with_mitigation
LOT-2026-0228,INCONSISTENT,quantity_mismatch
LOT-2026-0229,VALID,valid_non_negligible_with_mitigation
LOT-2026-0230,VALID,none
LOT-2026-0231,VALID,valid_non_negligible_with_mitigation
LOT-2026-0232,VALID,none
LOT-2026-0233,VALID,none
LOT-2026-0234,VALID,none
LOT-2026-0235,VALID,none
LOT-2026-0236,VALID,none
LOT-2026-0237,VALID,valid_boundary
LOT-2026-0238,VALID,none
LOT-2026-0239,VALID,none
LOT-2026-0240,INCONSISTENT,non_negligible_no_mitigation
LOT-2026-0241,VALID,none
LOT-2026-0242,VALID,none
LOT-2026-0243,VALID,valid_boundary
LOT-2026-0244,VALID,none
LOT-2026-0245,VALID,valid_boundary
LOT-2026-0246,VALID,none
LOT-2026-0247,VALID,none
LOT-2026-0248,VALID,valid_resubmitted
LOT-2026-0249,VALID,none
LOT-2026-0250,VALID,valid_non_negligible_with_mitigation
LOT-2026-0251,VALID,none
LOT-2026-0252,VALID,none
LOT-2026-0253,VALID,valid_non_negligible_with_mitigation
LOT-2026-0254,INVALID_DOCUMENT,cutoff_violation
LOT-2026-0255,VALID,none
LOT-2026-0256,VALID,valid_resubmitted
LOT-2026-0257,VALID,none
LOT-2026-0258,VALID,none
LOT-2026-0259,VALID,valid_resubmitted
LOT-2026-0260,VALID,none
LOT-2026-0261,INCOMPLETE,missing_doc
LOT-2026-0262,VALID,none
LOT-2026-0263,VALID,none
LOT-2026-0264,VALID,valid_non_negligible_with_mitigation
LOT-2026-0265,VALID,valid_resubmitted
LOT-2026-0266,VALID,none
LOT-2026-0267,VALID,valid_resubmitted
LOT-2026-0268,INCONSISTENT,date_order
LOT-2026-0269,INCONSISTENT,non_negligible_no_mitigation
LOT-2026-0270,VALID,valid_non_negligible_with_mitigation
LOT-2026-0271,VALID,none
LOT-2026-0272,VALID,none
LOT-2026-0273,INCONSISTENT,operator_mismatch
LOT-2026-0274,VALID,valid_non_negligible_with_mitigation
LOT-2026-0275,INCONSISTENT,date_order
LOT-2026-0276,VALID,none
LOT-2026-0277,VALID,none
LOT-2026-0278,VALID,none
LOT-2026-0279,INCOMPLETE,missing_doc
LOT-2026-0280,VALID,none
LOT-2026-0281,VALID,valid_boundary
LOT-2026-0282,INCONSISTENT,non_negligible_no_mitigation
LOT-2026-0283,VALID,none
LOT-2026-0284,VALID,none
LOT-2026-0285,INVALID_DOCUMENT,low_quality
LOT-2026-0286,VALID,none
LOT-2026-0287,VALID,none
LOT-2026-0288,VALID,none
LOT-2026-0289,VALID,none
LOT-2026-0290,VALID,none
LOT-2026-0291,VALID,valid_boundary
LOT-2026-0292,VALID,none
LOT-2026-0293,INCONSISTENT,operator_mismatch
LOT-2026-0294,VALID,none
LOT-2026-0295,VALID,none
LOT-2026-0296,VALID,none
LOT-2026-0297,VALID,none
LOT-2026-0298,VALID,none
LOT-2026-0299,VALID,none
LOT-2026-0300,VALID,none
