lot_id,as_of
LOT-2026-0001,2026-08-24
LOT-2026-0002,2026-09-26
LOT-2026-0003,2026-08-30
LOT-2026-0004,2026-08-20
LOT-2026-0005,2026-09-06
LOT-2026-0006,2026-09-06
LOT-2026-0007,2026-09-22
LOT-2026-0008,2026-09-09
LOT-2026-0009,2026-08-16
LOT-2026-0010,2026-08-23
LOT-2026-0011,2026-08-23
LOT-2026-0012,2026-09-15
LOT-2026-0013,2026-09-01
LOT-2026-0014,2026-08-25
LOT-2026-0015,2026-08-21
LOT-2026-0016,2026-09-15
LOT-2026-0017,2026-09-11
LOT-2026-0018,2026-09-01
LOT-2026-0019,2026-08-24
LOT-2026-0020,2026-08-31
LOT-2026-0021,2026-08-19
LOT-2026-0022,2026-09-27
LOT-2026-0023,2026-09-04
LOT-2026-0024,2026-09-19
LOT-2026-0025,2026-09-05
LOT-2026-0026,2026-09-04
LOT-2026-0027,2026-08-19
LOT-2026-0028,2026-09-04
LOT-2026-0029,2026-09-12
LOT-2026-0030,2026-09-22
LOT-2026-0031,2026-08-27
LOT-2026-0032,2026-09-24
LOT-2026-0033,2026-09-21
LOT-2026-0034,2026-08-23
LOT-2026-0035,2026-08-23
LOT-2026-0036,2026-08-19
LOT-2026-0037,2026-09-26
LOT-2026-0038,2026-08-21
LOT-2026-0039,2026-08-20
LOT-2026-0040,2026-09-06
LOT-2026-0041,2026-08-19
LOT-2026-0042,2026-08-29
LOT-2026-0043,2026-09-24
LOT-2026-0044,2026-09-12
LOT-2026-0045,2026-08-19
LOT-2026-0046,2026-09-16
LOT-2026-0047,2026-08-24
LOT-2026-0048,2026-09-02
LOT-2026-0049,2026-08-29
LOT-2026-0050,2026-08-24
LOT-2026-0051,2026-09-17
LOT-2026-0052,2026-09-24
LOT-2026-0053,2026-09-07
LOT-2026-0054,2026-09-28
LOT-2026-0055,2026-09-20
LOT-2026-0056,2026-08-27
LOT-2026-0057,2026-09-15
LOT-2026-0058,2026-08-23
LOT-2026-0059,2026-08-25
LOT-2026-0060,2026-09-12
LOT-2026-0061,2026-09-20
LOT-2026-0062,2026-09-09
LOT-2026-0063,2026-09-17
LOT-2026-0064,2026-08-31
LOT-2026-0065,2026-09-17
LOT-2026-0066,2026-08-28
LOT-2026-0067,2026-08-23
LOT-2026-0068,2026-09-25
LOT-2026-0069,2026-09-01
LOT-2026-0070,2026-09-04
LOT-2026-0071,2026-09-10
LOT-2026-0072,2026-08-20
LOT-2026-0073,2026-08-23
LOT-2026-0074,2026-09-13
LOT-2026-0075,2026-08-23
LOT-2026-0076,2026-09-28
LOT-2026-0077,2026-09-27
LOT-2026-0078,2026-09-03
LOT-2026-0079,2026-09-15
LOT-2026-0080,2026-08-15
LOT-2026-0081,2026-08-26
LOT-2026-0082,2026-09-25
LOT-2026-0083,2026-08-19
LOT-2026-0084,2026-09-24
LOT-2026-0085,2026-09-07
LOT-2026-0086,2026-09-01
LOT-2026-0087,2026-09-03
LOT-2026-0088,2026-09-13
LOT-2026-0089,2026-09-18
LOT-2026-0090,2026-09-12
LOT-2026-0091,2026-09-04
LOT-2026-0092,2026-08-28
LOT-2026-0093,2026-09-27
LOT-2026-0094,2026-09-19
LOT-2026-0095,2026-09-12
LOT-2026-0096,2026-08-18
LOT-2026-0097,2026-09-24
LOT-2026-0098,2026-09-15
LOT-2026-0099,2026-08-20
LOT-2026-0100,2026-08-29
LOT-2026-0101,2026-09-06
LOT-2026-0102,2026-09-07
LOT-2026-0103,2026-09-01
LOT-2026-0104,2026-09-28
LOT-2026-0105,2026-08-29
LOT-2026-0106,2026-09-09
LOT-2026-0107,2026-09-05
LOT-2026-0108,2026-09-21
LOT-2026-0109,2026-09-12
LOT-2026-0110,2026-08-23
LOT-2026-0111,2026-08-17
LOT-2026-0112,2026-09-25
LOT-2026-0113,2026-08-25
LOT-2026-0114,2026-08-20
LOT-2026-0115,2026-09-04
LOT-2026-0116,2026-09-23
LOT-2026-0117,2026-09-15
LOT-2026-0118,2026-09-11
LOT-2026-0119,2026-08-28
LOT-2026-0120,2026-09-21
LOT-2026-0121,2026-08-17
LOT-2026-0122,2026-08-21
LOT-2026-0123,2026-09-03
LOT-2026-0124,2026-08-19
LOT-2026-0125,2026-08-25
LOT-2026-0126,2026-08-31
LOT-2026-0127,2026-09-24
LOT-2026-0128,2026-09-05
LOT-2026-0129,2026-09-07
LOT-2026-0130,2026-08-24
LOT-2026-0131,2026-09-04
LOT-2026-0132,2026-09-15
LOT-2026-0133,2026-09-28
LOT-2026-0134,2026-08-31
LOT-2026-0135,2026-09-02
LOT-2026-0136,2026-09-13
LOT-2026-0137,2026-09-15
LOT-2026-0138,2026-09-16
LOT-2026-0139,2026-09-19
LOT-2026-0140,2026-09-28
LOT-2026-0141,2026-09-15
LOT-2026-0142,2026-09-28
LOT-2026-0143,2026-09-27
LOT-2026-0144,2026-09-25
LOT-2026-0145,2026-08-27
LOT-2026-0146,2026-09-15
LOT-2026-0147,2026-09-12
LOT-2026-0148,2026-09-24
LOT-2026-0149,2026-09-08
LOT-2026-0150,2026-09-18
LOT-2026-0151,2026-08-25
LOT-2026-0152,2026-09-02
LOT-2026-0153,2026-09-13
LOT-2026-0154,2026-09-18
LOT-2026-0155,2026-09-14
LOT-2026-0156,2026-09-17
LOT-2026-0157,2026-09-14
LOT-2026-0158,2026-08-20
LOT-2026-0159,2026-08-24
LOT-2026-0160,2026-09-11
LOT-2026-0161,2026-09-23
LOT-2026-0162,2026-08-25
LOT-2026-0163,2026-08-27
LOT-2026-0164,2026-09-22
LOT-2026-0165,2026-09-14
LOT-2026-0166,2026-09-15
LOT-2026-0167,2026-09-09
LOT-2026-0168,2026-08-26
LOT-2026-0169,2026-08-24
LOT-2026-0170,2026-08-16
LOT-2026-0171,2026-09-10
LOT-2026-0172,2026-08-28
LOT-2026-0173,2026-09-04
LOT-2026-0174,2026-08-15
LOT-2026-0175,2026-09-11
LOT-2026-0176,2026-08-26
LOT-2026-0177,2026-09-08
LOT-2026-0178,2026-08-22
LOT-2026-0179,2026-09-28
LOT-2026-0180,2026-09-01
LOT-2026-0181,2026-09-19
LOT-2026-0182,2026-08-20
LOT-2026-0183,2026-08-21
LOT-2026-0184,2026-09-22
LOT-2026-0185,2026-08-21
LOT-2026-0186,2026-08-20
LOT-2026-0187,2026-08-29
LOT-2026-0188,2026-08-30
LOT-2026-0189,2026-09-27
LOT-2026-0190,2026-09-28
LOT-2026-0191,2026-09-08
LOT-2026-0192,2026-08-18
LOT-2026-0193,2026-09-25
LOT-2026-0194,2026-09-03
LOT-2026-0195,2026-08-26
LOT-2026-0196,2026-09-09
LOT-2026-0197,2026-09-13
LOT-2026-0198,2026-09-12
LOT-2026-0199,2026-09-23
LOT-2026-0200,2026-08-26
LOT-2026-0201,2026-09-03
LOT-2026-0202,2026-09-11
LOT-2026-0203,2026-09-10
LOT-2026-0204,2026-08-17
LOT-2026-0205,2026-09-20
LOT-2026-0206,2026-09-14
LOT-2026-0207,2026-09-04
LOT-2026-0208,2026-09-18
LOT-2026-0209,2026-09-27
LOT-2026-0210,2026-09-18
LOT-2026-0211,2026-08-26
LOT-2026-0212,2026-09-06
LOT-2026-0213,2026-09-14
LOT-2026-0214,2026-09-13
LOT-2026-0215,2026-09-17
LOT-2026-0216,2026-09-24
LOT-2026-0217,2026-09-07
LOT-2026-0218,2026-09-25
LOT-2026-0219,2026-09-11
LOT-2026-0220,2026-08-31
LOT-2026-0221,2026-08-31
LOT-2026-0222,2026-08-19
LOT-2026-0223,2026-08-15
LOT-2026-0224,2026-09-28
LOT-2026-0225,2026-08-22
LOT-2026-0226,2026-08-21
LOT-2026-0227,2026-09-12
LOT-2026-0228,2026-09-23
LOT-2026-0229,2026-09-02
LOT-2026-0230,2026-09-14
LOT-2026-0231,2026-09-24
LOT-2026-0232,2026-09-17
LOT-2026-0233,2026-09-13
LOT-2026-0234,2026-08-18
LOT-2026-0235,2026-09-04
LOT-2026-0236,2026-08-21
LOT-2026-0237,2026-09-15
LOT-2026-0238,2026-08-25
LOT-2026-0239,2026-09-14
LOT-2026-0240,2026-09-27
LOT-2026-0241,2026-09-12
LOT-2026-0242,2026-08-27
LOT-2026-0243,2026-09-15
LOT-2026-0244,2026-09-16
LOT-2026-0245,2026-08-27
LOT-2026-0246,2026-08-23
LOT-2026-0247,2026-09-21
LOT-2026-0248,2026-08-21
LOT-2026-0249,2026-09-22
LOT-2026-0250,2026-09-05
LOT-2026-0251,2026-09-27
LOT-2026-0252,2026-09-08
LOT-2026-0253,2026-09-23
LOT-2026-0254,2026-09-05
LOT-2026-0255,2026-09-07
LOT-2026-0256,2026-09-16
LOT-2026-0257,2026-09-07
LOT-2026-0258,2026-09-15
LOT-2026-0259,2026-09-26
LOT-2026-0260,2026-08-26
LOT-2026-0261,2026-09-28
LOT-2026-0262,2026-09-01
LOT-2026-0263,2026-09-24
LOT-2026-0264,2026-08-26
LOT-2026-0265,2026-08-22
LOT-2026-0266,2026-09-08
LOT-2026-0267,2026-09-19
LOT-2026-0268,2026-08-25
LOT-2026-0269,2026-08-22
LOT-2026-0270,2026-09-07
LOT-2026-0271,2026-09-19
LOT-2026-0272,2026-09-06
LOT-2026-0273,2026-09-17
LOT-2026-0274,2026-09-06
LOT-2026-0275,2026-08-20
LOT-2026-0276,2026-09-03
LOT-2026-0277,2026-09-14
LOT-2026-0278,2026-08-29
LOT-2026-0279,2026-08-23
LOT-2026-0280,2026-09-06
LOT-2026-0281,2026-08-21
LOT-2026-0282,2026-08-30
LOT-2026-0283,2026-09-12
LOT-2026-0284,2026-09-04
LOT-2026-0285,2026-09-17
LOT-2026-0286,2026-08-30
LOT-2026-0287,2026-09-14
LOT-2026-0288,2026-09-19
LOT-2026-0289,2026-08-15
LOT-2026-0290,2026-08-29
LOT-2026-0291,2026-09-14
LOT-2026-0292,2026-09-08
LOT-2026-0293,2026-09-15
LOT-2026-0294,2026-09-07
LOT-2026-0295,2026-08-17
LOT-2026-0296,2026-09-25
LOT-2026-0297,2026-08-22
LOT-2026-0298,2026-09-01
LOT-2026-0299,2026-09-04
LOT-2026-0300,2026-08-19
